{
  "sets": {
    "node": [
      "n1",
      "n2",
      "n3",
      "n4",
      "n5",
      "n6",
      "n7",
      "n8",
      "n9",
      "n10",
      "n11",
      "n12",
      "n13",
      "n14",
      "n15",
      "n16"
    ],
    "vehicle": [
      "k1",
      "k2",
      "k3"
    ],
    "depot": [
      "n1"
    ]
  },
  "scalar_params": {
    "card": 16.0
  },
  "indexed_params": {
    "demand": {
      "n1": 0.0,
      "n2": 19.0,
      "n3": 21.0,
      "n4": 6.0,
      "n5": 19.0,
      "n6": 7.0,
      "n7": 12.0,
      "n8": 16.0,
      "n9": 6.0,
      "n10": 16.0,
      "n11": 8.0,
      "n12": 14.0,
      "n13": 21.0,
      "n14": 16.0,
      "n15": 3.0,
      "n16": 22.0
    },
    "capacity": {
      "k1": 100.0,
      "k2": 100.0,
      "k3": 100.0
    },
    "distance": {
      "n1|n1": 0.0,
      "n1|n2": 34.92849839314596,
      "n1|n3": 77.87810988975015,
      "n1|n4": 75.58438992278762,
      "n1|n5": 97.58073580374356,
      "n1|n6": 54.57105459856901,
      "n1|n7": 51.884487084291386,
      "n1|n8": 37.05401462729781,
      "n1|n9": 85.60373823613078,
      "n1|n10": 88.14193099768123,
      "n1|n11": 79.22752047110903,
      "n1|n12": 101.41498903022176,
      "n1|n13": 28.844410203711913,
      "n1|n14": 51.03920062069938,
      "n1|n15": 27.018512172212592,
      "n1|n16": 81.74350127074322,
      "n2|n1": 34.92849839314596,
      "n2|n2": 0.0,
      "n2|n3": 60.30754513325841,
      "n2|n4": 59.20304046246274,
      "n2|n5": 90.87353850269065,
      "n2|n6": 80.7093550959243,
      "n2|n7": 40.496913462633174,
      "n2|n8": 13.0,
      "n2|n9": 84.40379138403677,
      "n2|n10": 94.13288479590966,
      "n2|n11": 100.46392387319938,
      "n2|n12": 97.14422267947796,
      "n2|n13": 8.246211251235321,
      "n2|n14": 22.47220505424423,
      "n2|n15": 38.07886552931954,
      "n2|n16": 97.29337079164233,
      "n3|n1": 77.87810988975015,
      "n3|n2": 60.30754513325841,
      "n3|n3": 0.0,
      "n3|n4": 3.1622776601683795,
      "n3|n5": 37.05401462729781,
      "n3|n6": 86.58521813797087,
      "n3|n7": 26.248809496813376,
      "n3|n8": 48.08326112068523,
      "n3|n9": 40.70626487409524,
      "n3|n10": 58.82176467941097,
      "n3|n11": 90.21086409075129,
      "n3|n12": 45.27692569068709,
      "n3|n13": 67.17886572427373,
      "n3|n14": 39.44616584663204,
      "n3|n15": 55.10898293381942,
      "n3|n16": 77.46612162745726,
      "n4|n1": 75.58438992278762,
      "n4|n2": 59.20304046246274,
      "n4|n3": 3.1622776601683795,
      "n4|n4": 0.0,
      "n4|n5": 36.013886210738214,
      "n4|n6": 83.43260753446461,
      "n4|n7": 23.769728648009426,
      "n4|n8": 46.75467891024384,
      "n4|n9": 38.48376280978771,
      "n4|n10": 56.302753041036986,
      "n4|n11": 87.13208364316786,
      "n4|n12": 44.04543109109048,
      "n4|n13": 65.85590330410783,
      "n4|n14": 38.91015291668744,
      "n4|n15": 52.392747589718944,
      "n4|n16": 74.51845409024533,
      "n5|n1": 97.58073580374356,
      "n5|n2": 90.87353850269065,
      "n5|n3": 37.05401462729781,
      "n5|n4": 36.013886210738214,
      "n5|n5": 0.0,
      "n5|n6": 83.54639429682169,
      "n5|n7": 50.53711507397311,
      "n5|n8": 77.87810988975015,
      "n5|n9": 17.029386365926403,
      "n5|n10": 33.83784863137726,
      "n5|n11": 75.66372975210778,
      "n5|n12": 8.54400374531753,
      "n5|n13": 96.17692030835673,
      "n5|n14": 73.24616030891995,
      "n5|n15": 70.76722405181653,
      "n5|n16": 59.22837157984339,
      "n6|n1": 54.57105459856901,
      "n6|n2": 80.7093550959243,
      "n6|n3": 86.58521813797087,
      "n6|n4": 83.43260753446461,
      "n6|n5": 83.54639429682169,
      "n6|n6": 0.0,
      "n6|n7": 65.7419196555744,
      "n6|n8": 74.33034373659252,
      "n6|n9": 66.70832032063167,
      "n6|n10": 56.824290580701486,
      "n6|n11": 26.92582403567252,
      "n6|n12": 82.56512580987206,
      "n6|n13": 78.29431652425353,
      "n6|n14": 84.38601779915912,
      "n6|n15": 43.86342439892262,
      "n6|n16": 36.87817782917155,
      "n7|n1": 51.884487084291386,
      "n7|n2": 40.496913462633174,
      "n7|n3": 26.248809496813376,
      "n7|n4": 23.769728648009426,
      "n7|n5": 50.53711507397311,
      "n7|n6": 65.7419196555744,
      "n7|n7": 0.0,
      "n7|n8": 27.51363298439521,
      "n7|n9": 44.40720662234904,
      "n7|n10": 56.71860364994893,
      "n7|n11": 75.69015788066504,
      "n7|n12": 56.64803615307419,
      "n7|n13": 45.65084884205331,
      "n7|n14": 26.476404589747453,
      "n7|n15": 29.154759474226502,
      "n7|n16": 66.88796603276258,
      "n8|n1": 37.05401462729781,
      "n8|n2": 13.0,
      "n8|n3": 48.08326112068523,
      "n8|n4": 46.75467891024384,
      "n8|n5": 77.87810988975015,
      "n8|n6": 74.33034373659252,
      "n8|n7": 27.51363298439521,
      "n8|n8": 0.0,
      "n8|n9": 71.58910531638176,
      "n8|n10": 82.0,
      "n8|n11": 91.706052144883,
      "n8|n12": 84.15461959987698,
      "n8|n13": 19.1049731745428,
      "n8|n14": 14.0,
      "n8|n15": 30.479501308256342,
      "n8|n16": 86.97700845625813,
      "n9|n1": 85.60373823613078,
      "n9|n2": 84.40379138403677,
      "n9|n3": 40.70626487409524,
      "n9|n4": 38.48376280978771,
      "n9|n5": 17.029386365926403,
      "n9|n6": 66.70832032063167,
      "n9|n7": 44.40720662234904,
      "n9|n8": 71.58910531638176,
      "n9|n9": 0.0,
      "n9|n10": 19.209372712298546,
      "n9|n11": 59.033888572581766,
      "n9|n12": 16.64331697709324,
      "n9|n13": 88.54377448471462,
      "n9|n14": 70.00714249274856,
      "n9|n15": 58.60034129593445,
      "n9|n16": 43.01162633521314,
      "n10|n1": 88.14193099768123,
      "n10|n2": 94.13288479590966,
      "n10|n3": 58.82176467941097,
      "n10|n4": 56.302753041036986,
      "n10|n5": 33.83784863137726,
      "n10|n6": 56.824290580701486,
      "n10|n7": 56.71860364994893,
      "n10|n8": 82.0,
      "n10|n9": 19.209372712298546,
      "n10|n10": 0.0,
      "n10|n11": 43.01162633521314,
      "n10|n12": 29.154759474226502,
      "n10|n13": 96.87620966986684,
      "n10|n14": 83.18653737234169,
      "n10|n15": 62.297672508690084,
      "n10|n16": 26.019223662515376,
      "n11|n1": 79.22752047110903,
      "n11|n2": 100.46392387319938,
      "n11|n3": 90.21086409075129,
      "n11|n4": 87.13208364316786,
      "n11|n5": 75.66372975210778,
      "n11|n6": 26.92582403567252,
      "n11|n7": 75.69015788066504,
      "n11|n8": 91.706052144883,
      "n11|n9": 59.033888572581766,
      "n11|n10": 43.01162633521314,
      "n11|n11": 0.0,
      "n11|n12": 72.02777242147643,
      "n11|n13": 99.62429422585637,
      "n11|n14": 99.04544411531506,
      "n11|n15": 62.39390995922599,
      "n11|n16": 17.11724276862369,
      "n12|n1": 101.41498903022176,
      "n12|n2": 97.14422267947796,
      "n12|n3": 45.27692569068709,
      "n12|n4": 44.04543109109048,
      "n12|n5": 8.54400374531753,
      "n12|n6": 82.56512580987206,
      "n12|n7": 56.64803615307419,
      "n12|n8": 84.15461959987698,
      "n12|n9": 16.64331697709324,
      "n12|n10": 29.154759474226502,
      "n12|n11": 72.02777242147643,
      "n12|n12": 0.0,
      "n12|n13": 102.04410811016969,
      "n12|n14": 80.4114419718985,
      "n12|n15": 74.41102068914255,
      "n12|n16": 55.14526271584895,
      "n13|n1": 28.844410203711913,
      "n13|n2": 8.246211251235321,
      "n13|n3": 67.17886572427373,
      "n13|n4": 65.85590330410783,
      "n13|n5": 96.17692030835673,
      "n13|n6": 78.29431652425353,
      "n13|n7": 45.65084884205331,
      "n13|n8": 19.1049731745428,
      "n13|n9": 88.54377448471462,
      "n13|n10": 96.87620966986684,
      "n13|n11": 99.62429422585637,
      "n13|n12": 102.04410811016969,
      "n13|n13": 0.0,
      "n13|n14": 30.4138126514911,
      "n13|n15": 37.656340767525464,
      "n13|n16": 97.86725703727473,
      "n14|n1": 51.03920062069938,
      "n14|n2": 22.47220505424423,
      "n14|n3": 39.44616584663204,
      "n14|n4": 38.91015291668744,
      "n14|n5": 73.24616030891995,