{
  "sets": {
    "PP": [
      "AJ8172",
      "LQ8811",
      "RN0098",
      "NN1100",
      "WN7342"
    ],
    "TT": [
      "t1",
      "t2",
      "t3",
      "t4",
      "t5",
      "t6",
      "t7",
      "t8"
    ],
    "KK": [
      "HR-101",
      "MT-402"
    ]
  },
  "scalar_params": {},
  "indexed_params": {
    "R": {
      "LQ8811|AJ8172": 2.0,
      "RN0098|AJ8172": 1.0,
      "NN1100|LQ8811": 1.0,
      "WN7342|LQ8811": 1.0
    },
    "demand": {
      "AJ8172|t1": 20.0,
      "AJ8172|t2": 30.0,
      "AJ8172|t3": 10.0,
      "AJ8172|t4": 20.0,
      "AJ8172|t5": 30.0,
      "AJ8172|t6": 20.0,
      "AJ8172|t7": 30.0,
      "AJ8172|t8": 40.0
    },
    "LT": {
      "AJ8172": 2.0,
      "LQ8811": 3.0,
      "RN0098": 4.0,
      "NN1100": 1.0,
      "WN7342": 12.0
    },
    "LS": {
      "AJ8172": 100.0,
      "LQ8811": 400.0,
      "RN0098": 100.0,
      "NN1100": 1.0,
      "WN7342": 1000.0
    },
    "I": {
      "AJ8172": 90.0,
      "LQ8811": 300.0,
      "RN0098": 100.0,
      "NN1100": 0.0,
      "WN7342": 900.0
    },
    "U": {
      "AJ8172|HR-101": 0.00208333,
      "AJ8172|MT-402": 0.000104166,
      "LQ8811|MT-402": 0.000333333,
      "NN1100|MT-402": 0.000001
    },
    "M": {
      "AJ8172": 200.0,
      "LQ8811": 400.0,
      "RN0098": 200.0,
      "NN1100": 400.0,
      "WN7342": 1000.0
    }
  }
}
