{
  "sets": {
    "col": ["col-1", "col-2"],
    "stm": ["top", "bot"],
    "cp": ["a", "b", "c"],
    "k": [1, 2],
    "savkey": ["col-1|top|a", "col-2|top|b", "col-1|bot|b", "col-2|bot|c"]
  },
  "scalar_params": {
    "totfeed": 300.0,
    "zlo": 0.65429
  },
  "indexed_params": {
    "nfeas": {
      "1": 1.0,
      "2": 0.0
    },
    "mcost": {
      "1|col-1": 0.23947,
      "1|col-2": 0.75835,
      "2|col-1": 0.0,
      "2|col-2": 0.0
    },
    "ma1": {
      "1|col-1": -0.0139904,
      "1|col-2": -0.0661588,
      "2|col-1": 0.0,
      "2|col-2": 0.0
    },
    "ma2": {
      "1|col-1|top": 0.0093514,
      "1|col-1|bot": 0.0077308,
      "1|col-2|top": 0.0338147,
      "1|col-2|bot": 0.0373349,
      "2|col-1|top": 0.0,
      "2|col-1|bot": 0.0,
      "2|col-2|top": 0.0,
      "2|col-2|bot": 0.0
    },
    "ma3": {
      "1|col-1|a": -0.0005719,
      "1|col-1|b": 0.0042656,
      "1|col-1|c": 0.0,
      "1|col-2|a": 0.0016371,
      "1|col-2|b": 0.0288996,
      "1|col-2|c": 0.0,
      "2|col-1|a": 0.0,
      "2|col-1|b": 0.0,
      "2|col-1|c": 0.0,
      "2|col-2|a": 0.0,
      "2|col-2|b": 0.0,
      "2|col-2|c": 0.0
    },
    "mint": {
      "1|col-1": 0.0,
      "1|col-2": 0.0,
      "2|col-1": 0.0,
      "2|col-2": 0.0
    },
    "mlint": {
      "1|col-1": 0.0,
      "1|col-2": 0.0,
      "2|col-1": 0.0,
      "2|col-2": 0.0
    },
    "fink": {
      "1|col-1": 104.80349345,
      "1|col-2": 69.86899563,
      "2|col-1": 0.0,
      "2|col-2": 0.0
    },
    "reck": {
      "1|col-1|top|a": 0.85,
      "1|col-1|bot|b": 0.85,
      "1|col-2|top|b": 0.85,
      "1|col-2|bot|c": 0.85,
      "2|col-1|top|a": 0.0,
      "2|col-1|bot|b": 0.0,
      "2|col-2|top|b": 0.0,
      "2|col-2|bot|c": 0.0
    },
    "xkin": {
      "1|col-1|a": 0.33333333,
      "1|col-1|b": 0.33333333,
      "1|col-1|c": 0.33333333,
      "1|col-2|a": 0.075,
      "1|col-2|b": 0.425,
      "1|col-2|c": 0.5,
      "2|col-1|a": 0.0,
      "2|col-1|b": 0.0,
      "2|col-1|c": 0.0,
      "2|col-2|a": 0.0,
      "2|col-2|b": 0.0,
      "2|col-2|c": 0.0
    },
    "cut": {
      "1": 1.0,
      "2": -1.0
    },
    "cutcol": {
      "1|col-1": 1.0,
      "1|col-2": 1.0,
      "2|col-1": -1.0,
      "2|col-2": -1.0
    }
  }
}
