{
  "sets": {
    "t": [
      "t1",
      "t2",
      "t3",
      "t4"
    ],
    "s": [
      "s1",
      "s2",
      "s3",
      "s4",
      "s5",
      "s6",
      "s7",
      "s8",
      "s9",
      "s10",
      "s11",
      "s12",
      "s13",
      "s14",
      "s15",
      "s16",
      "s17",
      "s18",
      "s19",
      "s20",
      "s21",
      "s22",
      "s23",
      "s24",
      "s25",
      "s26",
      "s27",
      "s28",
      "s29",
      "s30",
      "s31",
      "s32",
      "s33",
      "s34",
      "s35",
      "s36",
      "s37",
      "s38",
      "s39",
      "s40",
      "s41",
      "s42",
      "s43",
      "s44",
      "s45",
      "s46",
      "s47",
      "s48",
      "s49",
      "s50"
    ],
    "p": [
      "p1",
      "p2",
      "p3",
      "p4"
    ]
  },
  "scalar_params": {},
  "indexed_params": {
    "nev": {
      "p1|s1": -0.656505736,
      "p1|s2": -0.6131287666399999,
      "p1|s3": -0.5697517972799999,
      "p1|s4": -0.52637482792,
      "p1|s5": -0.48299785855999994,
      "p1|s6": -0.4396208891999999,
      "p1|s7": -0.39624391983999996,
      "p1|s8": -0.35286695047999994,
      "p1|s9": -0.3094899811199999,
      "p1|s10": -0.2661130117599999,
      "p1|s11": -0.2227360423999999,
      "p1|s12": -0.17935907303999993,
      "p1|s13": -0.13598210367999997,
      "p1|s14": -0.09260513431999995,
      "p1|s15": -0.04922816495999993,
      "p1|s16": -0.005851195599999914,
      "p1|s17": 0.0375257737600001,
      "p1|s18": 0.08090274312000012,
      "p1|s19": 0.12427971248000014,
      "p1|s20": 0.16765668184000015,
      "p1|s21": 0.21103365120000017,
      "p1|s22": 0.2544106205600001,
      "p1|s23": 0.2977875899200001,
      "p1|s24": 0.3411645592800001,
      "p1|s25": 0.38454152864,
      "p1|s26": 0.42791849800000015,
      "p1|s27": 0.47129546736000005,
      "p1|s28": 0.5146724367200002,
      "p1|s29": 0.5580494060800001,
      "p1|s30": 0.6014263754400002,
      "p1|s31": 0.6448033448000001,
      "p1|s32": 0.6881803141600003,
      "p1|s33": 0.7315572835200002,
      "p1|s34": 0.7749342528800001,
      "p1|s35": 0.8183112222400002,
      "p1|s36": 0.8616881916000001,
      "p1|s37": 0.9050651609600002,
      "p1|s38": 0.9484421303200001,
      "p1|s39": 0.9918190996800003,
      "p1|s40": 1.0351960690400002,
      "p1|s41": 1.0785730384000003,
      "p1|s42": 1.1219500077600002,
      "p1|s43": 1.16532697712,
      "p1|s44": 1.2087039464800002,
      "p1|s45": 1.2520809158400001,
      "p1|s46": 1.2954578852000003,
      "p1|s47": 1.3388348545600002,
      "p1|s48": 1.3822118239200003,
      "p1|s49": 1.42558879328,
      "p1|s50": 1.4689657626400001,
      "p2|s1": 0.6865334160000001,
      "p2|s2": 0.6486091866400001,
      "p2|s3": 0.61068495728,
      "p2|s4": 0.57276072792,
      "p2|s5": 0.53483649856,
      "p2|s6": 0.49691226920000003,
      "p2|s7": 0.45898803984000003,
      "p2|s8": 0.42106381048,
      "p2|s9": 0.38313958112,
      "p2|s10": 0.34521535176,
      "p2|s11": 0.3072911224,
      "p2|s12": 0.26936689304,
      "p2|s13": 0.23144266368,
      "p2|s14": 0.19351843432,
      "p2|s15": 0.15559420495999998,
      "p2|s16": 0.11766997559999992,
      "p2|s17": 0.07974574623999997,
      "p2|s18": 0.04182151688000002,
      "p2|s19": 0.003897287519999959,
      "p2|s20": -0.0340269418400001,
      "p2|s21": -0.07195117120000005,
      "p2|s22": -0.10987540056,
      "p2|s23": -0.14779962992000006,
      "p2|s24": -0.18572385928000013,
      "p2|s25": -0.22364808864000008,
      "p2|s26": -0.261572318,
      "p2|s27": -0.2994965473600001,
      "p2|s28": -0.33742077672000015,
      "p2|s29": -0.3753450060800001,
      "p2|s30": -0.41326923544000005,
      "p2|s31": -0.4511934648000002,
      "p2|s32": -0.48911769416000017,
      "p2|s33": -0.5270419235200001,
      "p2|s34": -0.5649661528800001,
      "p2|s35": -0.60289038224,
      "p2|s36": -0.6408146116000002,
      "p2|s37": -0.6787388409600001,
      "p2|s38": -0.7166630703200001,
      "p2|s39": -0.7545872996800003,
      "p2|s40": -0.7925115290400002,
      "p2|s41": -0.8304357584000002,
      "p2|s42": -0.8683599877600001,
      "p2|s43": -0.9062842171200001,
      "p2|s44": -0.9442084464800002,
      "p2|s45": -0.9821326758400002,
      "p2|s46": -1.0200569052000001,
      "p2|s47": -1.0579811345600003,
      "p2|s48": -1.0959053639200003,
      "p2|s49": -1.1338295932800002,
      "p2|s50": -1.1717538226400002,
      "p3|s1": 0.10075071199999996,
      "p3|s2": 0.05276427167999996,
      "p3|s3": 0.004777831359999957,
      "p3|s4": -0.04320860896000006,
      "p3|s5": -0.09119504928000005,
      "p3|s6": -0.13918148960000004,
      "p3|s7": -0.1871679299200001,
      "p3|s8": -0.23515437024000008,
      "p3|s9": -0.28314081056000007,
      "p3|s10": -0.33112725088000006,
      "p3|s11": -0.37911369120000005,
      "p3|s12": -0.42710013152000004,
      "p3|s13": -0.47508657184000014,
      "p3|s14": -0.5230730121600001,
      "p3|s15": -0.5710594524800001,
      "p3|s16": -0.6190458928000001,
      "p3|s17": -0.6670323331200001,
      "p3|s18": -0.7150187734400001,
      "p3|s19": -0.7630052137600001,
      "p3|s20": -0.8109916540800001,
      "p3|s21": -0.8589780944000001,
      "p3|s22": -0.9069645347200002,
      "p3|s23": -0.95495097504,
      "p3|s24": -1.0029374153600001,
      "p3|s25": -1.0509238556800002,
      "p3|s26": -1.0989102960000001,
      "p3|s27": -1.1468967363200002,
      "p3|s28": -1.19488317664,
      "p3|s29": -1.2428696169600002,
      "p3|s30": -1.29085605728,
      "p3|s31": -1.3388424976000002,
      "p3|s32": -1.38682893792,
      "p3|s33": -1.4348153782400002,
      "p3|s34": -1.4828018185600003,
      "p3|s35": -1.5307882588800001,
      "p3|s36": -1.5787746992000002,
      "p3|s37": -1.6267611395200001,
      "p3|s38": -1.6747475798400002,
      "p3|s39": -1.72273402016,
      "p3|s40": -1.7707204604800002,
      "p3|s41": -1.8187069008,
      "p3|s42": -1.8666933411200002,
      "p3|s43": -1.9146797814400003,
      "p3|s44": -1.9626662217600002,
      "p3|s45": -2.01065266208,
      "p3|s46": -2.0586391024000004,
      "p3|s47": -2.1066255427200002,
      "p3|s48": -2.15461198304,
      "p3|s49": -2.2025984233600004,
      "p3|s50": -2.2505848636800003,
      "p4|s1": -0.397724192,
      "p4|s2": -0.30922256423999994,
      "p4|s3": -0.22072093647999996,
      "p4|s4": -0.13221930871999998,
      "p4|s5": -0.04371768095999995,
      "p4|s6": 0.044783946800000085,
      "p4|s7": 0.13328557456,
      "p4|s8": 0.22178720232000004,
      "p4|s9": 0.3102888300800001,
      "p4|s10": 0.3987904578400001,
      "p4|s11": 0.48729208560000015,
      "p4|s12": 0.5757937133600001,
      "p4|s13": 0.66429534112,
      "p4|s14": 0.7527969688800001,
      "p4|s15": 0.8412985966400001,
      "p4|s16": 0.9298002244000002,
      "p4|s17": 1.01830185216,
      "p4|s18": 1.10680347992,
      "p4|s19": 1.1953051076800003,
      "p4|s20": 1.2838067354400002,
      "p4|s21": 1.3723083632000002,
      "p4|s22": 1.46080999096,
      "p4|s23": 1.54931161872,
      "p4|s24": 1.63781324648,
      "p4|s25": 1.7263148742399999,
      "p4|s26": 1.8148165020000002,
      "p4|s27": 1.9033181297600001,
      "p4|s28": 1.99181975752,
      "p4|s29": 2.08032138528,
      "p4|s30": 2.16882301304,
      "p4|s31": 2.2573246408000003,
      "p4|s32": 2.34582626856,
      "p4|s33": 2.43432789632,
      "p4|s34": 2.52282952408,
      "p4|s35": 2.61133115184,
      "p4|s36": 2.6998327796000003,
      "p4|s37": 2.7883344073600003,
      "p4|s38": 2.87683603512,
      "p4|s39": 2.96533766288,
      "p4|s40": 3.05383929064,
      "p4|s41": 3.1423409184000004,
      "p4|s42": 3.2308425461600003,
      "p4|s43": 3.3193441739200003,
      "p4|s44": 3.40784580168,
      "p4|s45": 3.49634742944,
      "p4|s46": 3.5848490572,
      "p4|s47": 3.67335068496,
      "p4|s48": 3.7618523127200003,
      "p4|s49": 3.85035394048,
      "p4|s50": 3.93885556824
    },
    "evo": {
      "p1|s1": 0.1604023507,
      "p1|s2": 0.5501896021,