{
  "sets": {
    "i": [
      "seattle",
      "san-diego"
    ],
    "j": [
      "new-york",
      "chicago",
      "topeka"
    ],
    "s": [
      "s0",
      "s1",
      "s2",
      "s3",
      "s4",
      "s5",
      "s6"
    ],
    "sl": [
      "x",
      "y",
      "l",
      "g"
    ]
  },
  "indexed_params": {
    "a": {
      "seattle": 350,
      "san-diego": 600
    },
    "b": {
      "new-york": 325,
      "chicago": 300,
      "topeka": 275
    },
    "d": {
      "seattle|new-york": 2.5,
      "seattle|chicago": 1.7,
      "seattle|topeka": 1.8,
      "san-diego|new-york": 2.5,
      "san-diego|chicago": 1.8,
      "san-diego|topeka": 1.4
    },
    "sqrtp": {
      "s0|x": 50,
      "s0|y": 7.0710678118654755,
      "s0|l": -1,
      "s0|g": 0.1414213562373095,
      "s1|x": 50,
      "s1|y": 7.0710678118654755,
      "s1|l": 70,
      "s1|g": 0.08598630623276465,
      "s2|x": 120,
      "s2|y": 10.954451150103322,
      "s2|l": 70,
      "s2|g": 0.06798066555251997,
      "s3|x": 190,
      "s3|y": 13.784048752090222,
      "s3|l": 70,
      "s3|g": 0.05785796918664893,
      "s4|x": 260,
      "s4|y": 16.1245154965972,
      "s4|l": 70,
      "s4|g": 0.05134916056266695,
      "s5|x": 330,
      "s5|y": 18.16590212458495,
      "s5|l": 70,
      "s5|g": 0.04620364458518316,
      "s6|x": 400,
      "s6|y": 20,
      "s6|l": 1,
      "s6|g": 0.025
    }
  },
  "scalar_params": {
    "f": 90
  }
}